"skill","avg_salary","min_salary","max_salary","sample_size"
"TypeScript","115000.0","75000.0","162500.0","3"
"Java","95000.0","90000.0","100000.0","2"
"React","89018.074","47590.37","162500.0","5"
"Rust","87500.0","77500.0","100000.0","3"
"Go","84873.58666666667","80000.0","90000.0","3"
"Agile","80933.33333333333","50000.0","145600.0","6"
"CI/CD","76666.66666666667","50000.0","105000.0","3"
"AWS","68750.0","65000.0","72500.0","2"
"Angular","63750.0","55000.0","75000.0","4"
"Machine Learning","56000.0","52500.0","70000.0","5"
