"company_name","total_openings","avg_salary_offered","job_categories","latest_posting_date"
"UK Prog Agency VONQ Direct CPC","7","50371.482857142866","1","2026-04-13 18:22:13.000"
"Sanderson","5","62788.695999999996","2","2026-04-10 14:00:16.000"
"Platform Recruitment Limited","4","77500.0","2","2026-04-17 10:18:29.000"
"Spectrum It Recruitment Limited","4","61126.625","1","2026-04-17 18:24:50.000"
"Harnham - Data & Analytics Recruitment","4","52500.0","1","2026-04-18 14:43:34.000"
"Saab UK","4","55903.25749999999","1","2026-04-18 14:37:39.000"
"Ocho","3","73333.33333333333","1","2026-04-02 20:36:55.000"
"Oscar Technology","3","60000.0","1","2026-04-08 19:37:26.000"
"ZENOVO LTD","3","57510.76","1","2026-04-08 19:36:56.000"
