"location","total_jobs","avg_salary","p25_salary","p75_salary"
"Ipswich, Suffolk","1","162500.0","162500.0","162500.0"
"Walney, Barrow-In-Furness","1","140337.0","140337.0","140337.0"
"Slip End, Luton","1","113536.5","113536.5","113536.5"
"Cheltenham, Gloucestershire","8","107562.5","85000.0","169000.0"
"Portsmouth, Hampshire","1","105000.0","105000.0","105000.0"
"Farnborough, Hampshire","1","101920.0","101920.0","101920.0"
"Eastern England, UK","1","100000.0","100000.0","100000.0"
"Newcastle Upon Tyne, Tyne & Wear","2","97800.0","50000.0","145600.0"
"London, UK","6","95980.88166666667","75000.0","110764.53"
"Peterborough, Eastern England","1","90000.0","90000.0","90000.0"
"Widnes, Cheshire","1","80000.0","80000.0","80000.0"
"Ottershaw, Chertsey","1","80000.0","80000.0","80000.0"
"Chertsey, Surrey","2","80000.0","80000.0","80000.0"
"Oxford, Oxfordshire","1","80000.0","80000.0","80000.0"
"Ditherington, Shrewsbury","1","80000.0","80000.0","80000.0"
"Milton Keynes, Buckinghamshire","2","77500.0","72500.0","82500.0"
"Southampton, Hampshire","1","75000.0","75000.0","75000.0"
"UK","1","75000.0","75000.0","75000.0"
"Bristol, South West England","9","73494.35444444444","62500.0","75000.0"
"Halewood, Liverpool","1","70000.0","70000.0","70000.0"
