"skill","snapshot_date","job_count","avg_salary"
"Agile","2026-03-15","1","85000.0"
"Java","2026-03-24","1","90000.0"
"Go","2026-03-24","1","90000.0"
"Angular","2026-03-24","1","55000.0"
"Machine Learning","2026-03-24","1","52500.0"
"React","2026-03-24","1","55000.0"
"Agile","2026-03-25","1","60000.0"
"Rust","2026-03-27","1","77500.0"
"TypeScript","2026-03-27","1","162500.0"
"React","2026-03-27","1","162500.0"
"React","2026-03-29","1","47590.37"
"Rust","2026-03-29","1","85000.0"
"PHP","2026-03-30","1","60000.0"
"CI/CD","2026-03-31","1","105000.0"
"Microservices","2026-03-31","1","105000.0"
"CI/CD","2026-04-03","1","75000.0"
"Agile","2026-04-08","3","65000.0"
"Angular","2026-04-08","2","62500.0"
"React","2026-04-08","1","107500.0"
"AWS","2026-04-08","1","65000.0"
"CI/CD","2026-04-08","1","50000.0"
"Azure","2026-04-08","1","60000.0"
"TypeScript","2026-04-08","1","107500.0"
"React","2026-04-09","1","72500.0"
"Agile","2026-04-09","1","145600.0"
"Scrum","2026-04-09","1","145600.0"
"AWS","2026-04-09","1","72500.0"
"Node.js","2026-04-09","1","72500.0"
"Java","2026-04-10","1","100000.0"
"Go","2026-04-13","1","84620.76"
"Machine Learning","2026-04-14","1","70000.0"
"JavaScript","2026-04-15","1","75000.0"
"TypeScript","2026-04-15","1","75000.0"
"Angular","2026-04-15","1","75000.0"
"Machine Learning","2026-04-16","2","52500.0"
"Go","2026-04-16","1","80000.0"
"Machine Learning","2026-04-18","1","52500.0"
"Rust","2026-04-18","1","100000.0"
